RYM Album, First Name,Last Name,First Name localized, Last Name localized,Title,Release_Date,Rating,Ownership,Purchase Date,Media Type,Review
"4391963","","!!!","","","THR!!!ER","2013","7","n","","",  ""
"4913352","","†††","","","†††","2014","6","n","","",  ""
"362178","","10 Years","","","The Autumn Effect","2005","6","n","","",  ""
"392083","","65daysofstatic","","","One Time for All Time","2005","8","n","","",  ""
"6490177","","Agent Fresco","","","Destrier","2015","7","n","","",  ""
"4588449","","Alba Lua","","","Inner Seasons","2013","7","n","","",  ""
"591180","","Alexisonfire","","","Crisis","2006","6","n","","",  ""
"1657388","Lily","Allen","","","It's Not Me, It's You","2009","4","n","","",  ""
"3390786","The","Allstar Project","","","Into the Ivory Tower","2011","7","n","","",  ""
"3949994","","alt-J","","","An Awesome Wave","2012","8","n","","",  ""
"5568256","","alt-J","","","This Is All Yours","2014","8","n","","",  ""
"3838346","","Anathema","","","Weather Systems","2012","8","n","","",  ""
"2167600","","And So I Watch You From Afar","","","And So I Watch You From Afar","2009","9","n","","",  ""
"3359413","","And So I Watch You From Afar","","","Gangs","2011","9","n","","",  ""
"2659602","","And So I Watch You From Afar","","","The Letters","2010","8","n","","",  ""
"2703","","...And You Will Know Us by the Trail of Dead","","","...And You Will Know Us by the Trail of Dead","1998","7","n","","",  ""
"659115","","...And You Will Know Us by the Trail of Dead","","","So Divided","2006","7","n","","",  ""
"3196640","","...And You Will Know Us by the Trail of Dead","","","Tao of the Dead","2011","7","n","","",  ""
"1980989","","...And You Will Know Us by the Trail of Dead","","","The Century of Self","2009","7","n","","",  ""
"50357","","...And You Will Know Us by the Trail of Dead","","","The Secret of Elena's Tomb","2003","7","n","","",  ""
"182340","","...And You Will Know Us by the Trail of Dead","","","Worlds Apart","2005","7","n","","",  ""
"854248","The","Antlers","","","In the Attic of the Universe","2007","7","n","","",  ""
"2784293","","Apocalyptica","","","7th Symphony","2010","5","n","","",  ""
"3885289","","Apologies, I Have None","","","London","2012","7","n","","",  ""
"217","Fiona","Apple","","","When the Pawn...","1999","7","n","","",  ""
"185644","","Arcade Fire","","","Funeral","2004","10","n","","",  ""
"1927118","","Architects","","","Hollow Crown","2009","6","n","","",  ""
"242331","","Architecture in Helsinki","","","In Case We Die","2005","7","n","","",  ""
"180557","","At the Drive-In","","","Hell Paso","1994","6","n","","",  ""
"442","","At the Drive-In","","","Relationship of Command","2000","8","n","","",  ""
"2146068","","Au Revoir Simone","","","Still Night, Still Light","2009","7","n","","",  ""
"727399","","Au Revoir Simone","","","The Bird of Music","2007","6","n","","",  ""
"6185221","Courtney","Barnett","","","Sometimes I Sit and Think, and Sometimes I Just Sit","2015","7","n","","",  ""
"5304865","Kishi","Bashi","","","Lighght","2014","7","n","","",  ""
"447","The","Beautiful South","","","Choke","1990","7","n","","",  ""
"446","The","Beautiful South","","","Welcome to the Beautiful South","1989","8","n","","",  ""
"879969","","Beirut","","","The Flying Club Cup","2007","7","n","","",  ""
"22353","","Biffy Clyro","","","Blackened Sky","2002","8","n","","",  ""
"7259565","","Biffy Clyro","","","Ellipsis","2016","4","n","","",  ""
"197406","","Biffy Clyro","","","Infinity Land","2004","7","n","","",  ""
"3087107","","Biffy Clyro","","","Lonely Revolutions","2010","7","n","","",  ""
"2281877","","Biffy Clyro","","","Only Revolutions","2009","7","n","","",  ""
"4119966","","Biffy Clyro","","","Opposites","2013","7","n","","",  ""
"743520","","Biffy Clyro","","","Puzzle","2007","8","n","","",  ""
"5662123","","Biffy Clyro","","","Similarities","2014","6","n","","",  ""
"2378936","The","Big Pink","","","A Brief History of Love","2009","8","n","","",  ""
"6264948","","Bilderbuch","","","Schick Schock","2015","7","n","","",  ""
"631158","Andrew","Bird","","","Armchair Apocrypha","2007","10","n","","",  ""
"3772502","Andrew","Bird","","","Break It Yourself","2012","7","n","","",  ""
"2318143","Andrew","Bird","","","Fitz and the Dizzyspells","2009","7","n","","",  ""
"315020","Andrew","Bird","","","Music of Hair","1996","7","n","","",  ""
"1843904","Andrew","Bird","","","Noble Beast","2009","8","n","","",  ""
"3703293","Andrew","Bird","","","Norman","2011","7","n","","",  ""
"1137808","Andrew","Bird","","","Soldier On","2007","7","n","","",  ""
"82663","Andrew","Bird","","","Weather Systems","2003","8","n","","",  ""
"26922","Andrew","Bird's Bowl of Fire","","","Oh! The Grandeur.","1999","8","n","","",  ""
"591877","The","Birthday Massacre","","","Violet","2004","6","n","","",  ""
"2782927","The","Black Keys","","","Brothers","2010","6","n","","",  ""
"1751291","","Bloc Party","","","Intimacy","2008","6","n","","",  ""
"16772","","Blonde Redhead","","","Melody of Certain Damaged Lemons","2000","7","n","","",  ""
"5052276","","Blood Red Shoes","","","Blood Red Shoes","2014","7","n","","",  ""
"1230125","","Blood Red Shoes","","","Box of Secrets","2008","6","n","","",  ""
"2711839","","Blood Red Shoes","","","Fire Like This","2010","7","n","","",  ""
"2396067","The","Bloody Beetroots","","","Romborama","2009","5","n","","",  ""
"6066667","","Blue Hawaii","","","Agor Edits","2014","8","n","","",  ""
"2928983","","Blue Hawaii","","","Blooming Summer","2010","7","n","","",  ""
"4306152","","Blue Hawaii","","","Untogether","2013","7","n","","",  ""
"7072847","","Bombay","","","Show Your Teeth","2016","6","n","","",  ""
"3948614","","Bombay","","","Vulture / Provider","2012","7","n","","",  ""
"1390949","","Booka Shade","","","The Sun &amp; The Neon Light","2008","6","n","","",  ""
"4370724","","Boris","","","Präparat","2013","7","n","","",  ""
"1142027","","Born Ruffians","","","Red Yellow &amp; Blue","2008","6","n","","",  ""
"7360016","","BRAIDS","","","Companion","2016","7","n","","",  ""
"2930396","The","Bridgeheads","","","Foreigners","2010","9","n","","",  ""
"1795594","The","Bridgeheads","","","Things","2007","8","n","","",  ""
"4385587","","British Sea Power","","","Machineries of Joy","2013","5","n","","",  ""
"118943","","Broken Social Scene","","","Bee Hives","2004","6","n","","",  ""
"371710","","Broken Social Scene","","","EP to Be You and Me","2005","7","n","","",  ""
"2870139","","Broken Social Scene","","","Lo-Fi for the Dividing Nights","2010","6","n","","",  ""
"479","Ian","Brown","","","Golden Greats","1999","7","n","","",  ""
"2613","","Built to Spill","","","Ancient Melodies of the Future","2001","8","n","","",  ""
"2614","","Built to Spill","","","Keep It Like a Secret","1999","9","n","","",  ""
"2719","","Built to Spill","","","Live","2000","9","n","","",  ""
"2615","","Built to Spill","","","Perfect From Now On","1997","9","n","","",  ""
"2616","","Built to Spill","","","There's Nothing Wrong With Love","1994","8","n","","",  ""
"2088993","","Built to Spill","","","There Is No Enemy","2009","8","n","","",  ""
"6202873","","Built to Spill","","","Untethered Moon","2015","7","n","","",  ""
"462002","","Built to Spill","","","You in Reverse","2006","7","n","","",  ""
"1064977","","Burial","","","Untrue","2007","8","n","","",  ""
"70756","","Burning Airlines","","","Mission: Control!","1999","7","n","","",  ""
"3179694","","Cage the Elephant","","","Thank You, Happy Birthday","2011","7","n","","",  ""
"3006678","Los","Campesinos!","","","All's Well That Ends","2010","9","n","","",  ""
"3442622","Los","Campesinos!","","","Heat Rash #1","2011","8","n","","",  ""
"4294024","Los","Campesinos!","","","Heat Rash #4","2012","8","n","","",  ""
"3634587","Los","Campesinos!","","","Hello Sadness","2011","9","n","","",  ""
"1144370","Los","Campesinos!","","","Hold on Now, Youngster...","2008","9","n","","",  ""
"2557967","Los","Campesinos!","","","Romance Is Boring","2010","10","n","","",  ""
"1716226","Los","Campesinos!","","","We Are Beautiful, We Are Doomed","2008","9","n","","",  ""
"3765439","","Cancer Bats","","","Dead Set on Living","2012","6","n","","",  ""
"417055","","Cansei de Ser Sexy","","","CSS","2005","4","n","","",  ""
"39737","","Catch 22","","","Keasbey Nights","1998","7","n","","",  ""
"2855842","","Ceschi","","","The One Man Band Broke Up","2010","7","n","","",  ""
"3706364","","Chairlift","","","Something","2012","7","n","","",  ""
"4435656","","Charli XCX","","","True Romance","2013","6","n","","",  ""
"678509","","Children of Bodom","","","Chaos Ridden Years - Stockholm Knockout Live","2006","7","n","","",  ""
"1193132","","City and Colour","","","Bring Me Your Love","2008","7","n","","",  ""
"337633","","Clap Your Hands Say Yeah","","","Clap Your Hands Say Yeah","2005","8","n","","",  ""
"3716361","","Cloud Nothings","","","Attack on Memory","2012","7","n","","",  ""
"2771236","","CocoRosie","","","Grey Oceans","2010","7","n","","",  ""
"4414407","","CocoRosie","","","Tales of a GrassWidow","2013","7","n","","",  ""
"5677999","","Colony House","","","When I Was Younger","2014","6","n","","",  ""
"4558303","","Counterparts","","","The Difference Between Hell and Home","2013","7","n","","",  ""
"3570706","Mikal","Cronin","","","Mikal Cronin","2011","6","n","","",  ""
"4690071","","Crying","","","Get Olde","2013","6","n","","",  ""
"4501382","","Crystal Fighters","","","Cave Rave","2013","6","n","","",  ""
"2953343","","Crystal Fighters","","","Star of Love","2010","6","n","","",  ""
"5497952","","Cymbals Eat Guitars","","","LOSE","2014","8","n","","",  ""
"2747069","","Dark Dark Dark","","","Bright Bright Bright","2010","7","n","","",  ""
"1829617","","Dark Dark Dark","","","The Snow Magic","2008","7","n","","",  ""
"3072186","","Dark Dark Dark","","","Wild Go","2010","7","n","","",  ""
"3596186","","Daughter","","","His Young Heart","2011","8","n","","",  ""
"4361216","","Daughter","","","If You Leave","2013","8","n","","",  ""
"798466","The","Dear Hunter","","","Act II: The Meaning of, and All Things Regarding Ms. Leading","2007","7","n","","",  ""
"665449","The","Dear Hunter","","","Act I: The Lake South, the River North","2006","7","n","","",  ""
"3358721","The","Dear Hunter","","","Black","2011","7","n","","",  ""
"3358707","The","Dear Hunter","","","Green","2011","6","n","","",  ""
"3358713","The","Dear Hunter","","","Indigo","2011","7","n","","",  ""
"3358701","The","Dear Hunter","","","Orange","2011","7","n","","",  ""
"3358716","The","Dear Hunter","","","Violet","2011","7","n","","",  ""
"1292981","","Death Cab for Cutie","","","Narrow Stairs","2008","6","n","","",  ""
"5464","","Death Cab for Cutie","","","The Photo Album","2001","7","n","","",  ""
"191379","","Death From Above 1979","","","You're a Woman, I'm a Machine","2004","7","n","","",  ""
"601526","The","Decemberists","","","The Crane Wife","2006","7","n","","",  ""
"6121172","Lana","Del Rey","","","Honeymoon","2015","6","n","","",  ""
"2620706","","Diabo na Cruz","","","Virou!","2009","6","n","","",  ""
"3949987","","DIIV","","","Oshin","2012","7","n","","",  ""
"559564","","Dirty Pretty Things","","","Waterloo to Anywhere","2006","5","n","","",  ""
"9910","The","Dismemberment Plan","","","Emergency &amp; I","1999","7","n","","",  ""
"5083218","La","Dispute","","","Rooms of the House","2014","8","n","","",  ""
"3818515","","Django Django","","","Django Django","2012","7","n","","",  ""
"2485412","","Does It Offend You, Yeah?","","","Don't Say We Didn't Warn You","2011","7","n","","",  ""
"1245092","","Does It Offend You, Yeah?","","","You Have No Idea What You're Getting Yourself Into","2008","6","n","","",  ""
"2094249","","Doismileoito","","","Doismileoito","2009","6","n","","",  ""
"4382364","","DOLL$BOXX","","","Dolls Apartment","2012","6","n","","",  ""
"41147","","Do Make Say Think","","","Goodbye Enemy Airship the Landlord Is Dead","2000","7","n","","",  ""
"5850462","","Doomcloud","","","The Masquerade","2013","7","n","","",  ""
"2334523","","dR.estranhoamor","","","Os crimes do dR.estranhoamor e outras estórias","2009","3","n","","",  ""
"302098","","Dropkick Murphys","","","The Warrior's Code","2005","7","n","","",  ""
"2762354","The","Drums","","","The Drums","2010","6","n","","",  ""
"188976","","Dungen","","","Ta det lugnt","2004","7","n","","",  ""
"2660424","Jaakko","Eino Kalevi","","","Modern Life","2010","7","n","","",  ""
"3179697","","Elbow","","","Build a Rocket Boys!","2011","7","n","","",  ""
"4639021","Matt","Elliott","","","Only Myocardial Infarction Can Break Your Heart","2013","7","n","","",  ""
"3696068","Matt","Elliott","","","The Broken Man","2012","8","n","","",  ""
"3377371","","EMA","","","Past Life Martyred Saints","2011","7","n","","",  ""
"91391","","Explosions in the Sky","","","The Earth Is Not a Cold Dead Place","2003","9","n","","",  ""
"357133","","Explosions in the Sky","","","Travels in Constants, Vol. 21: The Rescue","2005","8","n","","",  ""
"2071712","","Fanfarlo","","","Reservoir","2009","7","n","","",  ""
"4465742","La","Femme","","","Psycho Tropical Berlin","2013","7","n","","",  ""
"2954748","","Feromona","","","Desoliúde","2010","6","n","","",  ""
"1719806","","Feromona","","","Uma Vida a Direito","2008","6","n","","",  ""
"270083","","Final Fantasy","","","Has a Good Home","2005","7","n","","",  ""
"473805","","Final Fantasy","","","He Poos Clouds","2006","7","n","","",  ""
"594664","","Final Fantasy","","","Many Lives → 49 MP","2006","7","n","","",  ""
"1231202","","Final Fantasy","","","Plays to Please","2008","6","n","","",  ""
"1231199","","Final Fantasy","","","Spectrum 14th Century","2008","7","n","","",  ""
"538040","","Final Fantasy","","","Young Canadian Mothers","2006","7","n","","",  ""
"239238","","Fischerspooner","","","Odyssey","2005","7","n","","",  ""
"4224486","","Foals","","","Holy Fire","2013","7","n","","",  ""
"2761799","","Foals","","","Total Life Forever","2010","7","n","","",  ""
"6540766","","Foals","","","What Went Down","2015","7","n","","",  ""
"1835","","Foo Fighters","","","The Colour and the Shape","1997","5","n","","",  ""
"2777821","","Forest Swords","","","Dagger Paths","2010","7","n","","",  ""
"2664773","","Forest Swords","","","Fjree Feather","2009","7","n","","",  ""
"557472","The","Format","","","Dog Problems","2006","7","n","","",  ""
"3258396","","Foxes in Fiction","","","Alberto","2010","7","n","","",  ""
"2821626","","Foxes in Fiction","","","Swung From the Branches","2010","7","n","","",  ""
"914334","The","Fratellis","","","Costello Music","2006","7","n","","",  ""
"1506934","The","Fratellis","","","Here We Stand","2008","4","n","","",  ""
"2489481","","Free Peace","","","Free Peace","2009","6","n","","",  ""
"1294","","Frente!","","","Marvin the Album","1994","7","n","","",  ""
"3445216","Eleanor","Friedberger","","","Last Summer","2011","5","n","","",  ""
"1666149","","Friendly Fires","","","Friendly Fires","2008","6","n","","",  ""
"1198607","","Frightened Rabbit","","","The Midnight Organ Fight","2008","7","n","","",  ""
"3648754","The","Front Bottoms","","","The Front Bottoms","2011","7","n","","",  ""
"3131998","","Fucked Up","","","David Comes to Life","2011","9","n","","",  ""
"270800","","Fucked Up","","","Epics in Minutes","2004","7","n","","",  ""
"5307488","","Fucked Up","","","Glass Boys","2014","7","n","","",  ""
"612660","","Fucked Up","","","Hidden World","2006","9","n","","",  ""
"6563493","Ezra","Furman","","","Perpetual Motion People","2015","7","n","","",  ""
"2731630","","Future Islands","","","In Evening Air","2010","7","n","","",  ""
"4063304","","Gallows","","","Gallows","2012","7","n","","",  ""
"2050168","","Gallows","","","Grey Britain","2009","7","n","","",  ""
"701435","","Gallows","","","Orchestra of Wolves","2006","7","n","","",  ""
"3334296","","Gang Gang Dance","","","Eye Contact","2011","8","n","","",  ""
"1673857","","Gang Gang Dance","","","Saint Dymphna","2008","7","n","","",  ""
"2700150","The","Gaslight Anthem","","","American Slang","2010","6","n","","",  ""
"863452","The","Gaslight Anthem","","","Sink or Swim","2007","9","n","","",  ""
"1432472","The","Gaslight Anthem","","","The '59 Sound","2008","8","n","","",  ""
"6528629","","GEo​RGi​A","","","Georgia","2015","7","n","","",  ""
"5642931","","Ghost Town","","","After Party","2014","7","n","","",  ""
"4389002","","Ghost Town","","","Party in The Graveyard","2013","8","n","","",  ""
"2364197","","Girls","","","Album","2009","6","n","","",  ""
"3553308","","Girls","","","Father, Son, Holy Ghost","2011","7","n","","",  ""
"2694413","","God Is an Astronaut","","","Age of the Fifth Sun","2010","7","n","","",  ""
"872896","","Gogol Bordello","","","Super Taranta!","2007","6","n","","",  ""
"42170","","Goldfrapp","","","Black Cherry","2003","7","n","","",  ""
"2251948","Os","Golpes","","","Cruz Vermelha Sobre Fundo Branco","2009","4","n","","",  ""
"5999455","Colleen","Green","","","I Want to Grow Up","2015","6","n","","",  ""
"3535209","","Grouplove","","","Never Trust a Happy Song","2011","7","n","","",  ""
"1080948","El","Guincho","","","Alegranza","2007","6","n","","",  ""
"1419406","","Hadouken!","","","Music for an Accelerated Culture","2008","4","n","","",  ""
"4711690","","Haim","","","Days Are Gone","2013","7","n","","",  ""
"3942464","","Half Moon Run","","","Dark Eyes","2012","8","n","","",  ""
"3430157","","Handsome Furs","","","Sound Kapital","2011","6","n","","",  ""
"3211132","PJ","Harvey","","","Let England Shake","2011","8","n","","",  ""
"3491981","The","Horrors","","","Skying","2011","7","n","","",  ""
"762537","The","Horrors","","","Strange House","2007","7","n","","",  ""
"3497616","Ben","Howard","","","Every Kingdom","2011","7","n","","",  ""
"5758085","Ben","Howard","","","I Forget Where We Were","2014","7","n","","",  ""
"2852477","Ben","Howard","","","These Waters","2009","6","n","","",  ""
"6258965","Jenny","Hval","","","Apocalypse, girl","2015","6","n","","",  ""
"6852384","","Icarus the Owl","","","Pilot Waves","2015","6","n","","",  ""
"708362","","If These Trees Could Talk","","","If These Trees Could Talk","2006","7","n","","",  ""
"7744","","In Flames","","","Clayman","2000","7","n","","",  ""
"2086","","Iron Maiden","","","The Number of the Beast","1982","8","n","","",  ""
"6926412","The","Jezabels","","","Synthia","2016","7","n","","",  ""
"2212431","a","Jigsaw","","","Like The Wolf","2009","6","n","","",  ""
"2376723","","JJ","","","jj n° 2","2009","7","n","","",  ""
"2533108","","Johnny Foreigner","","","Grace and the Bigger Picture","2009","7","n","","",  ""
"3270988","","Joyce Manor","","","Joyce Manor","2011","7","n","","",  ""
"2050771","The","Joy Formidable","","","A Balloon Called Moaning","2009","8","n","","",  ""
"3230899","The","Joy Formidable","","","The Big Roar","2011","7","n","","",  ""
"4147991","The","Joy Formidable","","","Wolf's Law","2013","8","n","","",  ""
"163519","","Junior Boys","","","Last Exit","2004","7","n","","",  ""
"503520","","Junius","","","Blood Is Bright","2006","8","n","","",  ""
"504606","","Junius","","","Forcing Out the Silence","2004","9","n","","",  ""
"3612175","","Junius","","","Reports From the Threshold of Death","2011","7","n","","",  ""
"1644356","","Junius","","","The Martyrdom of a Catastrophist","2009","7","n","","",  ""
"255339","","Kaiser Chiefs","","","Employment","2005","6","n","","",  ""
"1724563","","Kaiser Chiefs","","","Off With Their Heads","2008","6","n","","",  ""
"744565","","Kaiser Chiefs","","","Yours Truly, Angry Mob","2007","6","n","","",  ""
"771617","","Kap Bambino","","","Zero Life, Night Vision","2006","6","n","","",  ""
"602696","","Kasabian","","","Empire","2006","6","n","","",  ""
"2162404","","Kasabian","","","West Ryder Pauper Lunatic Asylum","2009","7","n","","",  ""
"1724577","The","Killers","","","Day &amp; Age","2008","5","n","","",  ""
"734983","The","Killers","","","Hot Fuss","2004","6","n","","",  ""
"3291117","The","Kills","","","Blood Pressures","2011","7","n","","",  ""
"215831","The","Kills","","","No Wow","2005","7","n","","",  ""
"3407005","The","King Blues","","","Punk &amp; Poetry","2011","6","n","","",  ""
"2399530","","Kings of Convenience","","","Declaration of Dependence","2009","7","n","","",  ""
"665317","","Klaxons","","","Myths of the Near Future","2007","7","n","","",  ""
"2964578","","Klaxons","","","Surfing the Void","2010","6","n","","",  ""
"172671","","Knapsack","","","Day Three of My New Life","1997","7","n","","",  ""
"5438408","","Koda","","","Myrina","2013","6","n","","",  ""
"456183","The","Kooks","","","Inside In Inside Out","2006","4","n","","",  ""
"6434633","","LA Priest","","","Inji","2015","8","n","","",  ""
"712947","","LCD Soundsystem","","","Sound of Silver","2007","8","n","","",  ""
"2362205","Rodrigo","Leão","","","A mãe","2009","8","n","","",  ""
"2140384","","Leprous","","","Tall Poppy Syndrome","2009","7","n","","",  ""
"5155388","","Liars","","","Mess","2014","7","n","","",  ""
"1501128","","Linda Martini","","","Marsupial","2008","8","n","","",  ""
"503175","","Linda Martini","","","Promo","2005","9","n","","",  ""
"7271176","","Linda Martini","","","Sirumba","2016","6","n","","",  ""
"754269","","Lobster","","","Fast Seafood","2005","6","n","","",  ""
"3698489","","Loma Prieta","","","I.V.","2012","6","n","","",  ""
"4649607","","London Grammar","","","If You Wait","2013","7","n","","",  ""
"186124","","Low","","","The Great Destroyer","2005","8","n","","",  ""
"1279658","","Lykke Li","","","Youth Novels","2008","6","n","","",  ""
"197511","","M83","","","Before the Dawn Heals Us","2005","8","n","","",  ""
"58572","","M83","","","Dead Cities, Red Seas &amp; Lost Ghosts","2003","8","n","","",  ""
"3570806","","M83","","","Hurry Up, We're Dreaming","2011","8","n","","",  ""
"80779","","M83","","","M83","2001","7","n","","",  ""
"1227165","","M83","","","Saturdays = Youth","2008","8","n","","",  ""
"837825","The","Maccabees","","","Colour It In","2007","7","n","","",  ""
"2189012","The","Maccabees","","","Wall of Arms","2009","7","n","","",  ""
"2900252","","Madame Godard","","","Galapagos","2010","6","n","","",  ""
"1036544","The","Main Drag","","","Yours as Fast as Mine","2007","6","n","","",  ""
"192718","","Mando Diao","","","Hurricane Bar","2004","5","n","","",  ""
"631689","","Marmaduke Duke","","","Duke Pandemonium","2009","7","n","","",  ""
"2540","","Massive Attack","","","Protection","1994","7","n","","",  ""
"7104074","","Massive Attack","","","Ritual Spirit","2016","7","n","","",  ""
"3456397","","Maybeshewill","","","I Was Here for a Moment, Then I Was Gone","2011","7","n","","",  ""
"550168","","Maybeshewill","","","Japanese Spy Transcript","2006","8","n","","",  ""
"1494934","","Maybeshewill","","","Not for Want of Trying","2008","8","n","","",  ""
"2279676","","Maybeshewill","","","Sing the Word Hope in Four-Part Harmony","2009","7","n","","",  ""
"2378132","","Mazgani","","","Tell the People","2009","6","n","","",  ""
"2448647","","Memory Tapes","","","Seek Magic","2009","6","n","","",  ""
"2916242","The","Men","","","Immaculada","2010","7","n","","",  ""
"695429","","Men Eater","","","Hellstone","2007","8","n","","",  ""
"100069","","Menomena","","","I Am the Fun Blame Monster","2003","8","n","","",  ""
"3211100","","Metronomy","","","The English Riviera","2011","7","n","","",  ""
"28026","","mewithoutYou","","","[A-->B] Life","2002","8","n","","",  ""
"196373","","mewithoutYou","","","Catch for Us the Foxes","2004","7","n","","",  ""
"2385221","","MGMT","","","Congratulations","2010","6","n","","",  ""
"5966738","","Mitski","","","Bury Me at Makeout Creek","2014","7","n","","",  ""
"2157008","","Modest Mouse","","","No One's First, and You're Next","2009","7","n","","",  ""
"2631","","Modest Mouse","","","This Is a Long Drive for Someone With Nothing to Think About","1996","7","n","","",  ""
"9578","Thurston","Moore","","","Psychic ♥♥♥'s","1995","7","n","","",  ""
"5711011","Thurston","Moore","","","The Best Day","2014","7","n","","",  ""
"4171372","","MS MR","","","Candy Bar Creep Show","2012","7","n","","",  ""
"4388979","","MS MR","","","Secondhand Rapture","2013","6","n","","",  ""
"603378","","MUCC","","","6","2006","7","n","","",  ""
"4020549","","iamthemorning","","","~","2012","6","n","","",  ""
"23085","","Sigur Rós","","","( )","2002","7","n","","",  ""
"6156711","","Mew","","","+ -","2015","8","n","","",  ""
"658267","","Justice","","","†","2007","8","n","","",  ""
"527757","","Tool","","","10,000 Days","2006","9","n","","",  ""
"3906611","","Kishi Bashi","","","151a","2012","7","n","","",  ""
"859570","","Ash","","","1977","1996","7","n","","",  ""
"3388","","Rush","","","2112","1976","7","n","","",  ""
"3907465","","2:54","","","2:54","2012","7","n","","",  ""
"5386126","","How to Dress Well","","","&#34;What Is This Heart?&#34;","2014","8","n","","",  ""
"2075844","","If These Trees Could Talk","","","Above the Earth, Below the Sky","2009","7","n","","",  ""
"69201","","Muse","","","Absolution","2003","6","n","","",  ""
"440","","At the Drive-In","","","Acrobatic Tenement","1996","7","n","","",  ""
"6846066","","Savages","","","Adore Life","2016","7","n","","",  ""
"15703","","Anathema","","","A Fine Day to Exit","2001","8","n","","",  ""
"3749718","","Enter Shikari","","","A Flash Flood of Colour","2012","6","n","","",  ""
"60717","","Against Me!","","","Against Me! Is Reinventing Axl Rose","2002","7","n","","",  ""
"7319898","","Astronoid","","","Air","2016","6","n","","",  ""
"362958","","Chiodos","","","All's Well That Ends Well","2005","7","n","","",  ""
"4318659","","And So I Watch You From Afar","","","All Hail Bright Futures","2013","7","n","","",  ""
"33890","","The Mountain Goats","","","All Hail West Texas","2002","8","n","","",  ""
"11162","","AFI","","","All Hallow's E.P.","1999","7","n","","",  ""
"300598","","God Is an Astronaut","","","All Is Violent, All Is Bright","2005","8","n","","",  ""
"7221734","","Architects","","","All Our Gods Have Abandoned Us","2016","7","n","","",  ""
"7242319","","Saosin","","","Along the Shadow","2016","7","n","","",  ""
"1076200","","Why?","","","Alopecia","2008","8","n","","",  ""
"5995745","","Los Campesinos!","","","A Los Campesinos! Christmas","2014","7","n","","",  ""
"604305","","Trophy Scars","","","Alphabet. Alphabets.","2006","7","n","","",  ""
"8375","","Anathema","","","Alternative 4","1998","8","n","","",  ""
"2580","","The Offspring","","","Americana","1998","0","n","","",  ""
"89040","","Anathema","","","A Natural Disaster","2003","10","n","","",  ""
"230545","","Andrew Bird","","","Andrew Bird &amp; The Mysterious Production of Eggs","2005","8","n","","",  ""
"349136","","Mew","","","And the Glass Handed Kites","2005","9","n","","",  ""
"2700","","Yo La Tengo","","","And Then Nothing Turned Itself Inside-Out","2000","8","n","","",  ""
"863202","","Editors","","","An End Has a Start","2007","6","n","","",  ""
"5013221","","Xiu Xiu","","","Angel Guts: Red Classroom","2014","6","n","","",  ""
"15063","","Marillion","","","Anoraknophobia","2001","7","n","","",  ""
"6138793","","Purity Ring","","","Another Eternity","2015","6","n","","",  ""
"5421959","","Antemasque","","","Antemasque","2014","7","n","","",  ""
"165902","","Interpol","","","Antics","2004","8","n","","",  ""
"1207502","","Foals","","","Antidotes","2008","7","n","","",  ""
"18078","","Life Without Buildings","","","Any Other City","2001","7","n","","",  ""
"3368860","","Black Lips","","","Arabia Mountain","2011","7","n","","",  ""
"6841529","","Grimes","","","Art Angels","2015","8","n","","",  ""
"113993","","Against Me!","","","As the Eternal Cowboy","2003","7","n","","",  ""
"3049804","","Owen Pallett","","","A Swedish Love Story","2010","8","n","","",  ""
"17617","","Shellac","","","At Action Park","1994","7","n","","",  ""
"2782980","","Attack Attack!","","","Attack Attack!","2010","7","n","","",  ""
"3277314","","Boris","","","Attention Please","2011","7","n","","",  ""
"679021","","Bloc Party","","","A Weekend in the City","2007","7","n","","",  ""
"5187988","","BABYMETAL","","","BABYMETAL","2014","7","n","","",  ""
"1616604","","Trophy Scars","","","Bad Luck","2009","8","n","","",  ""
"5759","","Meat Loaf","","","Bat Out of Hell","1977","6","n","","",  ""
"2181953","","Placebo","","","Battle for the Sun","2009","6","n","","",  ""
"6605193","","The Weeknd","","","Beauty Behind the Madness","2015","7","n","","",  ""
"2812352","","Ariel Pink's Haunted Graffiti","","","Before Today","2010","7","n","","",  ""
"3389502","","Björk","","","Biophilia","2011","7","n","","",  ""
"12474","","AFI","","","Black Sails in the Sunset","1999","7","n","","",  ""
"4434503","","Arcane Roots","","","Blood &amp; Chemistry","2013","7","n","","",  ""
"1925951","","Bon Iver","","","Blood Bank","2009","8","n","","",  ""
"3888174","","Beach House","","","Bloom","2012","8","n","","",  ""
"5770082","","Gates","","","Bloom &amp; Breathe","2014","7","n","","",  ""
"2757883","","Circa Survive","","","Blue Sky Noise","2010","6","n","","",  ""
"3442658","","Bon Iver","","","Bon Iver, Bon Iver","2011","9","n","","",  ""
"124756","","Boris","","","Boris at Last -Feedbacker-","2003","10","n","","",  ""
"4296911","","iamamiwhoami","","","bounty","2013","6","n","","",  ""
"86898","","The Walkmen","","","Bows + Arrows","2004","9","n","","",  ""
"807633","","The National","","","Boxer","2007","8","n","","",  ""
"7420900","","Wild Beasts","","","Boy King","2016","6","n","","",  ""
"785623","","Arctic Monkeys","","","Brianstorm","2007","7","n","","",  ""
"5840131","","Ceschi","","","Broken Bone Ballads","2015","7","n","","",  ""
"5242916","","Nick Murphy","","","Built on Glass","2014","7","n","","",  ""
"2323292","","Burial Hex / Zola Jesus","","","Burial Hex / Zola Jesus","2009","7","n","","",  ""
"4665091","","AFI","","","Burials","2013","6","n","","",  ""
"3376766","","The Antlers","","","Burst Apart","2011","6","n","","",  ""
"3186121","","Low","","","C'mon","2011","7","n","","",  ""
"1340462","","Cage the Elephant","","","Cage the Elephant","2008","6","n","","",  ""
"4418","","Mr. Bungle","","","California","1999","7","n","","",  ""
"1200535","","Ryan Adams &amp; The Cardinals","","","Cardinology","2008","5","n","","",  ""
"599161","","Silversun Pickups","","","Carnavas","2006","6","n","","",  ""
"4563749","","The Dodos","","","Carrier","2013","6","n","","",  ""
"3169731","","Linda Martini","","","Casa ocupada","2010","7","n","","",  ""
"2601806","","Toro y Moi","","","Causers of This","2010","7","n","","",  ""
"3908397","","Japandroids","","","Celebration Rock","2012","8","n","","",  ""
"163025","","The National","","","Cherry Tree","2004","8","n","","",  ""
"4954715","","I Break Horses","","","Chiaroscuro","2014","7","n","","",  ""
"408070","","The Management","","","Climbing to New Lows","2005","5","n","","",  ""
"3177407","","Cloud Nothings","","","Cloud Nothings","2011","6","n","","",  ""
"5321530","","clipping.","","","CLPPNG","2014","7","n","","",  ""
"2873371","","James Blake","","","CMYK EP","2010","8","n","","",  ""
"3313790","","Death Cab for Cutie","","","Codes and Keys","2011","6","n","","",  ""
"3814927","","The xx","","","Coexist","2012","7","n","","",  ""
"2655","","Pixies","","","Come On Pilgrim","1987","9","n","","",  ""
"2144287","","Enter Shikari","","","Common Dreads","2009","6","n","","",  ""
"2141614","","AFI","","","Crash Love","2009","5","n","","",  ""
"133","","Pavement","","","Crooked Rain, Crooked Rain","1994","9","n","","",  ""
"6195723","","Melanie Martinez","","","Cry Baby","2015","8","n","","",  ""
"1185583","","Crystal Castles","","","Crystal Castles","2008","7","n","","",  ""
"2855944","","Crystal Castles","","","Crystal Castles (II)","2010","8","n","","",  ""
"3417871","","Cults","","","Cults","2011","6","n","","",  ""
"5990","","Morphine","","","Cure for Pain","1993","7","n","","",  ""
"157268","","IQ","","","Dark Matter","2004","7","n","","",  ""
"6708081","","The Saddest Landscape","","","Darkness Forgives","2015","6","n","","",  ""
"3752933","","Darkside","","","Darkside","2011","7","n","","",  ""
"3560767","","Real Estate","","","Days","2011","7","n","","",  ""
"245080","","Eagles of Death Metal","","","Death by Sexy...","2006","6","n","","",  ""
"879","","Björk","","","Debut","1993","7","n","","",  ""
"549868","","AFI","","","Decemberunderground","2006","6","n","","",  ""
"5367498","","White Lung","","","Deep Fantasy","2014","7","n","","",  ""
"6217685","","BRAIDS","","","Deep in the Iris","2015","8","n","","",  ""
"66542","","Brand New","","","Deja entendu","2003","7","n","","",  ""
"55442","","The Mars Volta","","","De-Loused in the Comatorium","2003","8","n","","",  ""
"3249402","","Thurston Moore","","","Demolished Thoughts","2011","8","n","","",  ""
"5915351","","Circa Survive","","","Descensus","2014","8","n","","",  ""
"117799","","TV on the Radio","","","Desperate Youth, Blood Thirsty Babes","2004","8","n","","",  ""
"143","","Pulp","","","Different Class","1995","7","n","","",  ""
"3429788","","Crash of Rhinos","","","Distal","2011","6","n","","",  ""
"5369648","","Anathema","","","Distant Satellites","2014","8","n","","",  ""
"1089","","Pixies","","","Doolittle","1989","8","n","","",  ""
"2660","","Portishead","","","Dummy","1994","9","n","","",  ""
"37925","","Oneida","","","Each One Teach One","2002","7","n","","",  ""
"12465","","Sonata Arctica","","","Ecliptica","1999","5","n","","",  ""
"35259","","At the Drive-In","","","El Gran Orgo","1997","8","n","","",  ""
"5557719","","Interpol","","","El pintor","2014","7","n","","",  ""
"3537524","","Russian Circles","","","Empros","2011","7","n","","",  ""
"2208765","","Megadeth","","","Endgame","2009","7","n","","",  ""
"4649599","","Forest Swords","","","Engravings","2013","8","n","","",  ""
"3631067","","James Blake","","","Enough Thunder","2011","7","n","","",  ""
"3569770","","Neon Indian","","","Era extraña","2011","7","n","","",  ""
"8374","","Anathema","","","Eternity","1996","7","n","","",  ""
"5293938","","Kate Tempest","","","Everybody Down","2014","7","n","","",  ""
"6620113","","CHVRCHES","","","Every Open Eye","2015","8","n","","",  ""
"8348","","Modest Mouse","","","Everywhere and His Nasty Parlour Tricks","2001","7","n","","",  ""
"2400572","","A Place to Bury Strangers","","","Exploding Head","2009","7","n","","",  ""
"826304","","New Young Pony Club","","","Fantastic Playroom","2007","6","n","","",  ""
"1588784","","Late of the Pier","","","Fantasy Black Channel","2008","6","n","","",  ""
"2201064","","Dinosaur Jr.","","","Farm","2009","8","n","","",  ""
"3481995","","Jamie xx","","","Far Nearer / Beat For","2011","8","n","","",  ""
"764145","","Arctic Monkeys","","","Favourite Worst Nightmare","2007","7","n","","",  ""
"755757","","Porcupine Tree","","","Fear of a Blank Planet","2007","8","n","","",  ""
"76172","","Broken Social Scene","","","Feel Good Lost","2001","7","n","","",  ""
"4532318","","These New Puritans","","","Field of Reeds","2013","8","n","","",  ""
"406203","","The Strokes","","","First Impressions of Earth","2006","7","n","","",  ""
"3051413","","Acid Drinkers","","","Fishdick Zwei - The Dick Is Rising Again","2010","0","o","","",  ""
"4582086","","BRAIDS","","","Flourish // Perish","2013","8","n","","",  ""
"866955","","Arctic Monkeys","","","Fluorescent Adolescent","2007","6","n","","",  ""
"6163926","","Speedy Ortiz","","","Foil Deer","2015","7","n","","",  ""
"1060497","","Bon Iver","","","For Emma, Forever Ago","2007","9","n","","",  ""
"174551","","The Mars Volta","","","Frances the Mute","2005","10","n","","",  ""
"115964","","Franz Ferdinand","","","Franz Ferdinand","2004","9","n","","",  ""
"48767","","Mew","","","Frengers","2003","8","n","","",  ""
"33232","","Codeine","","","Frigid Stars","1990","7","n","","",  ""
"5507072","","Every Time I Die","","","From Parts Unknown","2014","6","n","","",  ""
"645684","","Bat for Lashes","","","Fur and Gold","2006","7","n","","",  ""
"693595","","Spoon","","","Ga Ga Ga Ga Ga","2007","7","n","","",  ""
"4347361","","Buke and Gase","","","General Dome","2013","7","n","","",  ""
"5536714","","Adult Jazz","","","Gist Is","2014","8","n","","",  ""
"2352","","Primal Scream","","","Give Out But Don't Give Up","1994","6","n","","",  ""
"4740880","","Yuck","","","Glow &amp; Behold","2013","6","n","","",  ""
"4534","","Alkaline Trio","","","Goddamnit","1998","7","n","","",  ""
"3597082","","Kendrick Lamar","","","good kid, m.A.A.d city","2012","8","n","","",  ""
"7167473","","The Hotelier","","","Goodness","2016","6","n","","",  ""
"84856","","Modest Mouse","","","Good News for People Who Love Bad News","2004","8","n","","",  ""
"3396489","","WU LYF","","","Go Tell Fire to the Mountain","2011","8","n","","",  ""
"2931408","","Grinderman","","","Grinderman 2","2010","7","n","","",  ""
"4735135","","Nothing","","","Guilty of Everything","2014","7","n","","",  ""
"567020","","Beirut","","","Gulag Orkestar","2006","7","n","","",  ""
"6276589","","Kelela","","","Hallucinogen","2015","6","n","","",  ""
"3886546","","The Gaslight Anthem","","","Handwritten","2012","6","n","","",  ""
"2194518","","Dance Gavin Dance","","","Happiness","2009","8","n","","",  ""
"78063","","Death From Above","","","Heads Up","2002","7","n","","",  ""
"1324884","","Eagles of Death Metal","","","Heart On","2008","6","n","","",  ""
"12420","","Carcass","","","Heartwork","1993","0","n","","",  ""
"3938406","","The Walkmen","","","Heaven","2012","7","n","","",  ""
"3346050","","Boris","","","Heavy Rocks","2011","7","n","","",  ""
"43265","","Boris","","","Heavy Rocks","2002","7","n","","",  ""
"5361479","","Say Anything","","","Hebrews","2014","7","n","","",  ""
"6176200","","And So I Watch You From Afar","","","HEIRS","2015","7","n","","",  ""
"4393831","","Cloud Nothings","","","Here and Nowhere Else","2014","8","n","","",  ""
"4594480","","Nine Inch Nails","","","Hesitation Marks","2013","7","n","","",  ""
"2787325","","The National","","","High Violet","2010","9","n","","",  ""
"6605099","","Girl Band","","","Holding Hands with Jamie","2015","6","n","","",  ""
"4038361","","Trophy Scars","","","Holy Vacants","2014","8","n","","",  ""
"5082529","","The Hotelier","","","Home, Like Noplace Is There","2014","8","n","","",  ""
"6252630","","Anohni","","","Hopelessness","2016","7","n","","",  ""
"1666548","","The Antlers","","","Hospice","2009","8","n","","",  ""
"2116","","The Beta Band","","","Hot Shots II","2001","7","n","","",  ""
"2330379","","Arctic Monkeys","","","Humbug","2009","7","n","","",  ""
"160181","","Bright Eyes","","","I'm Wide Awake, It's Morning","2005","7","n","","",  ""
"388011","","Arctic Monkeys","","","I Bet You Look Good on the Dancefloor","2005","7","n","","",  ""
"9411","","Aphex Twin","","","...I Care Because You Do","1995","0","n","","",  ""
"18447","","Low","","","I Could Live in Hope","1994","8","n","","",  ""
"67","","Belle and Sebastian","","","If You're Feeling Sinister","1996","8","n","","",  ""
"1138350","","AFI","","","I Heard a Voice: Live From Long Beach Arena","2007","6","n","","",  ""
"4190157","","Crystal Castles","","","(III)","2012","7","n","","",  ""
"441","","At the Drive-In","","","In/Casino/Out","1998","7","n","","",  ""
"6331807","","Jamie xx","","","In Colour","2015","7","n","","",  ""
"2812348","","Tame Impala","","","Innerspeaker","2010","7","n","","",  ""
"4035505","","Clams Casino","","","Instrumental Mixtape 2","2012","7","n","","",  ""
"4780375","","Glasser","","","Interiors","2013","7","n","","",  ""
"2947595","","Interpol","","","Interpol","2010","5","n","","",  ""
"2575455","","Linda Martini","","","Intervalo","2009","8","n","","",  ""
"4964398","","Ásgeir","","","In the Silence","2013","7","n","","",  ""
"2333927","","Editors","","","In This Light and on This Evening","2009","6","n","","",  ""
"4145","","Iron Maiden","","","Iron Maiden","1980","9","n","","",  ""
"4386242","","The Drones","","","I See Seaweed","2013","7","n","","",  ""
"4623201","","Touché Amoré","","","Is Survived By","2013","7","n","","",  ""
"2436","","The Strokes","","","Is This It","2001","8","n","","",  ""
"2066244","","Yeah Yeah Yeahs","","","It's Blitz!","2009","7","n","","",  ""
"3563939","","The Hotel Year","","","It Never Goes Out","2011","8","n","","",  ""
"5746167","","...And You Will Know Us by the Trail of Dead","","","IX","2014","6","n","","",  ""
"4016358","","Jake Bugg","","","Jake Bugg","2012","6","n","","",  ""
"3209572","","James Blake","","","James Blake","2011","8","n","","",  ""
"4523476","","The xx","","","Jamie xx Edits","2013","8","n","","",  ""
"20786","","Converge","","","Jane Doe","2001","7","n","","",  ""
"2662465","","jj","","","jj n° 3","2010","6","n","","",  ""
"13722","","Anathema","","","Judgement","1999","8","n","","",  ""
"309628","","Circa Survive","","","Juturna","2005","7","n","","",  ""
"3154833","","Destroyer","","","Kaputt","2011","8","n","","",  ""
"43921","","The Kills","","","Keep on Your Mean Side","2003","7","n","","",  ""
"402658","","Protest the Hero","","","Kezia","2006","6","n","","",  ""
"813164","","Shitdisco","","","Kingdom of Fear","2007","6","n","","",  ""
"5575530","","Prawn","","","Kingfisher","2014","6","n","","",  ""
"4471947","","The Weeknd","","","Kiss Land","2013","9","n","","",  ""
"3078629","","James Blake","","","Klavierwerke EP","2010","8","n","","",  ""
"4479234","","Sigur Rós","","","Kveikur","2013","7","n","","",  ""
"1716","","Spiritualized®","","","Ladies and Gentlemen We Are Floating in Space","1997","8","n","","",  ""
"4564111","","Son Lux","","","Lanterns","2013","7","n","","",  ""
"1905","","Tool","","","Lateralus","2001","8","n","","",  ""
"6566656","","Petite Noir","","","La vie est belle / Life Is Beautiful","2015","7","n","","",  ""
"608651","","Arctic Monkeys","","","Leave Before the Lights Come On","2006","7","n","","",  ""
"28715","","Porcupine Tree","","","Lightbulb Sun","2000","8","n","","",  ""
"712991","","Beirut","","","Lon Gisland","2007","8","n","","",  ""
"5144482","","Architects","","","Lost Forever // Lost Together","2014","8","n","","",  ""
"38860","","Emilíana Torrini","","","Love in the Time of Science","1999","6","n","","",  ""
"3029232","","How to Dress Well","","","Love Remains","2010","6","n","","",  ""
"2236486","","Florence + The Machine","","","Lungs","2009","7","n","","",  ""
"7307","","...And You Will Know Us by the Trail of Dead","","","Madonna","1999","7","n","","",  ""
"2996846","","Everything Everything","","","Man Alive","2010","7","n","","",  ""
"5568151","","Ty Segall","","","Manipulator","2014","7","n","","",  ""
"551010","","The Legendary Tiger Man","","","Masquerade","2006","6","n","","",  ""
"1593","","Metallica","","","Master of Puppets","1986","7","n","","",  ""
"1580127","","Sigur Rós","","","Með suð í eyrum við spilum endalaust","2008","7","n","","",  ""
"4719353","","Cage the Elephant","","","Melophobia","2013","7","n","","",  ""
"810344","","The Cribs","","","Men's Needs, Women's Needs, Whatever","2007","5","n","","",  ""
"6481353","","Metá Metá","","","Metá Metá","2015","7","n","","",  ""
"4049599","","METZ","","","METZ","2012","7","n","","",  ""
"4384175","","The Dear Hunter","","","Migrant","2013","6","n","","",  ""
"782491","","Battles","","","Mirrored","2007","7","n","","",  ""
"5264278","","Ought","","","More Than Any Other Day","2014","7","n","","",  ""
"4701045","","Au Revoir Simone","","","Move in Spectrums","2013","6","n","","",  ""
"5712894","","Polyphia","","","Muse","2014","7","n","","",  ""
"497542","","Mutemath","","","Mutemath","2006","7","n","","",  ""
"3050748","","Kanye West","","","My Beautiful Dark Twisted Fantasy","2010","8","n","","",  ""
"3637918","","Of Monsters and Men","","","My Head Is an Animal","2011","6","n","","",  ""
"6256999","","Wolf Alice","","","My Love Is Cool","2015","7","n","","",  ""
"734252","","Arcade Fire","","","Neon Bible","2007","9","n","","",  ""
"12067","","The Notwist","","","Neon Golden","2002","8","n","","",  ""
"495","","Sex Pistols","","","Never Mind the Bollocks Here's the Sex Pistols","1977","7","n","","",  ""
"3315610","","Boris","","","New Album","2011","6","n","","",  ""
"4359382","","The Men","","","New Moon","2013","7","n","","",  ""
"3686516","","Phantogram","","","Nightlife","2011","7","n","","",  ""
"3333012","","TV on the Radio","","","Nine Types of Light","2011","8","n","","",  ""
"4762712","","Los Campesinos!","","","No Blues","2013","8","n","","",  ""
"4644417","","No Ceremony","","","No Ceremony","2013","7","n","","",  ""
"3822954","","The Mars Volta","","","Noctourniquet","2012","8","n","","",  ""
"5401409","","Boris","","","Noise","2014","7","n","","",  ""
"6318448","","Wavves x Cloud Nothings","","","No Life for Me","2015","8","n","","",  ""
"3519282","","Criolo","","","Nó na orelha","2011","7","n","","",  ""
"1598412","","Air France","","","No Way Down","2008","6","n","","",  ""
"4652","","The Shins","","","Oh, Inverted World","2001","9","n","","",  ""
"677263","","Linda Martini","","","Olhos de Mongol","2006","8","n","","",  ""
"18840","","Aphex Twin","","","On","1993","8","n","","",  ""
"812723","","Circa Survive","","","On Letting Go","2007","7","n","","",  ""
"5633120","","Foxes in Fiction","","","Ontario Gothic","2014","6","n","","",  ""
"3572596","","Future Islands","","","On the Water","2011","8","n","","",  ""
"3782581","","The Men","","","Open Your Heart","2012","8","n","","",  ""
"1050773","","MGMT","","","Oracular Spectacular","2008","7","n","","",  ""
"4405254","","James Blake","","","Overgrown","2013","8","n","","",  ""
"6293873","","Hop Along","","","Painted Shut","2015","7","n","","",  ""
"3713481","","PAUS","","","PAUS","2011","7","n","","",  ""
"110322","","Eagles of Death Metal","","","Peace Love Death Metal","2004","6","n","","",  ""
"6295187","","Turnover","","","Peripheral Vision","2015","6","n","","",  ""
"2388352","","Julian Casablancas","","","Phrazes for the Young","2009","6","n","","",  ""
"2088","","Iron Maiden","","","Piece of Mind","1983","7","n","","",  ""
"448113","","Boris","","","Pink","2005","7","n","","",  ""
"3925542","","Efterklang","","","Piramida","2012","7","n","","",  ""
"302583","","Death Cab for Cutie","","","Plans","2005","6","n","","",  ""
"5802790","","Iceage","","","Plowing Into the Field of Love","2014","7","n","","",  ""
"880","","Björk","","","Post","1995","8","n","","",  ""
"2037742","","Japandroids","","","Post-Nothing","2009","8","n","","",  ""
"5140432","","Wild Beasts","","","Present Tense","2014","8","n","","",  ""
"1709","","Nine Inch Nails","","","Pretty Hate Machine","1989","7","n","","",  ""
"2185050","","The Horrors","","","Primary Colours","2009","8","n","","",  ""
"24898","","Mão Morta","","","Primavera de Destroços","2001","7","n","","",  ""
"5711","","Lynyrd Skynyrd","","","(pronounced 'lĕh-'nérd 'skin-'nérd)","1973","8","n","","",  ""
"4801178","","DARKSIDE","","","Psychic","2013","7","n","","",  ""
"2254049","","Neon Indian","","","Psychic Chasms","2009","7","n","","",  ""
"4734162","","Lorde","","","Pure Heroine","2013","7","n","","",  ""
"3729834","","Pepe Deluxé","","","Queen of the Wave","2012","8","n","","",  ""
"351935","","Voxtrot","","","Raised by Wolves","2005","7","n","","",  ""
"806","","Ramones","","","Ramones","1976","2","n","","",  ""
"5933694","","Orden Ogan","","","Ravenhead","2015","6","n","","",  ""
"3325696","","The Raveonettes","","","Raven in the Grave","2011","7","n","","",  ""
"4813185","","Arcade Fire","","","Reflektor","2013","8","n","","",  ""
"4564639","","Franz Ferdinand","","","Right Thoughts, Right Words, Right Action","2013","6","n","","",  ""
"161402","","Kings of Convenience","","","Riot on an Empty Street","2004","7","n","","",  ""
"428879","","Edguy","","","Rocket Ride","2006","0","n","","",  ""
"5113727","","Run the Jewels","","","Run the Jewels 2","2014","7","n","","",  ""
"3783","","Megadeth","","","Rust in Peace","1990","10","n","","",  ""
"590640","","The Killers","","","Sam's Town","2006","6","n","","",  ""
"5161767","","Perfect Pussy","","","Say Yes to Love","2014","7","n","","",  ""
"1715","","Primal Scream","","","Screamadelica","1991","8","n","","",  ""
"3542833","","Kendrick Lamar","","","Section.80","2011","8","n","","",  ""
"4233331","","Bring Me the Horizon","","","Sempiternal","2013","7","n","","",  ""
"1224072","","The Gaslight Anthem","","","Señor and the Queen","2008","8","n","","",  ""
"3978783","","Purity Ring","","","Shrines","2012","8","n","","",  ""
"21361","","The Notwist","","","Shrink","1998","7","n","","",  ""
"38305","","Porcupine Tree","","","Signify","1996","8","n","","",  ""
"210605","","Bloc Party","","","Silent Alarm","2005","8","n","","",  ""
"474362","","The Knife","","","Silent Shout","2006","7","n","","",  ""
"5141049","","Future Islands","","","Singles","2014","7","n","","",  ""
"45628","","AFI","","","Sing the Sorrow","2003","9","n","","",  ""
"3375603","","Le Butcherettes","","","Sin Sin Sin","2011","6","n","","",  ""
"176846","","Rise Against","","","Siren Song of the Counter Culture","2004","5","n","","",  ""
"2577648","","Slash","","","Slash","2010","5","n","","",  ""
"36708","","Placebo","","","Sleeping With Ghosts","2003","6","n","","",  ""
"1357742","","Boris","","","Smile","2008","8","n","","",  ""
"3355170","","Wild Beasts","","","Smother","2011","8","n","","",  ""
"10089","","Social Distortion","","","Social Distortion","1990","7","n","","",  ""
"186932","","Tegan and Sara","","","So Jealous","2004","7","n","","",  ""
"9444","","Death Cab for Cutie","","","Something About Airplanes","1998","9","n","","",  ""
"1753057","","La Dispute","","","Somewhere at the Bottom of the River Between Vega and Altair","2008","9","n","","",  ""
"975214","","Streetlight Manifesto","","","Somewhere in the Between","2007","7","n","","",  ""
"19286","","Queens of the Stone Age","","","Songs for the Deaf","2002","10","n","","",  ""
"3914764","","White Lung","","","Sorry","2012","7","n","","",  ""
"6119","","...And You Will Know Us by the Trail of Dead","","","Source Tags &amp; Codes","2002","10","n","","",  ""
"776199","","Alcest","","","Souvenirs d'un autre monde","2007","7","n","","",  ""
"140523","","Regina Spektor","","","Soviet Kitsch","2004","7","n","","",  ""
"3225786","","Nicolas Jaar","","","Space Is Only Noise","2011","8","n","","",  ""
"2671","","Slint","","","Spiderland","1991","7","n","","",  ""
"910946","","Broken Social Scene Presents: Kevin Drew","","","Spirit If...","2007","7","n","","",  ""
"112732","","Korpiklaani","","","Spirit of the Forest","2003","6","n","","",  ""
"4235248","","Modern Baseball","","","Sports","2012","6","n","","",  ""
"4592454","","Grouplove","","","Spreading Rumours","2013","7","n","","",  ""
"4612745","","Astronoid","","","Stargazer","2013","7","n","","",  ""
"1210273","","Russian Circles","","","Station","2008","8","n","","",  ""
"15458","","Nine Inch Nails","","","Still","2002","7","n","","",  ""
"3505044","","St. Vincent","","","Strange Mercy","2011","7","n","","",  ""
"4512","","Bad Religion","","","Stranger Than Fiction","1994","0","n","","",  ""
"2747668","","Zola Jesus","","","Stridulum","2010","7","n","","",  ""
"17467","","Porcupine Tree","","","Stupid Dream","1999","8","n","","",  ""
"3378968","","Arctic Monkeys","","","Suck It and See","2011","6","n","","",  ""
"2717976","","Caribou","","","Swim","2010","7","n","","",  ""
"3207114","","Drake","","","Take Care","2011","8","n","","",  ""
"776047","","Enter Shikari","","","Take to the Skies","2007","6","n","","",  ""
"33889","","The Mountain Goats","","","Tallahassee","2002","7","n","","",  ""
"3380220","","Other Lives","","","Tamer Animals","2011","7","n","","",  ""
"3833016","","Young Fathers","","","Tape One","2011","7","n","","",  ""
"4510874","","Young Fathers","","","Tape Two","2013","8","n","","",  ""
"2548617","","Beach House","","","Teen Dream","2010","9","n","","",  ""
"6631556","","Bring Me the Horizon","","","That's the Spirit","2015","8","n","","",  ""
"4560218","","The 1975","","","The 1975","2013","6","n","","",  ""
"1358482","","The Last Shadow Puppets","","","The Age of the Understatement","2008","7","n","","",  ""
"487832","","Lordi","","","The Arockalypse","2006","3","n","","",  ""
"1362","","AFI","","","The Art of Drowning","2000","7","n","","",  ""
"343690","","Editors","","","The Back Room","2005","7","n","","",  ""
"910402","","The Mars Volta","","","The Bedlam in Goliath","2008","7","n","","",  ""
"966397","","The Hives","","","The Black and White Album","2007","6","n","","",  ""
"4605562","","CHVRCHES","","","The Bones of What You Believe","2013","7","n","","",  ""
"7053136","","Matt Elliott","","","The Calm Before","2016","7","n","","",  ""
"94103","","Kanye West","","","The College Dropout","2004","8","n","","",  ""
"634014","","Brand New","","","The Devil and God Are Raging Inside Me","2006","8","n","","",  ""
"1711","","Nine Inch Nails","","","The Downward Spiral","1994","9","n","","",  ""
"3470902","","Pictureplane","","","Thee Physical","2011","7","n","","",  ""
"2621036","","Marina &amp; the Diamonds","","","The Family Jewels","2010","7","n","","",  ""
"3053981","","Warpaint","","","The Fool","2010","8","n","","",  ""
"1712","","Nine Inch Nails","","","The Fragile","1999","7","n","","",  ""
"440129","","Rosetta","","","The Galilean Satellites","2005","7","n","","",  ""
"4139175","","Streetlight Manifesto","","","The Hands That Thieve","2013","7","n","","",  ""
"4046522","","Bat for Lashes","","","The Haunted Man","2012","7","n","","",  ""
"3905558","","Fiona Apple","","","The Idler Wheel Is Wiser Than the Driver of the Screw and Whipping Cords Will Serve You More Than Ropes Will Ever Do","2012","8","n","","",  ""
"5250283","","Animals as Leaders","","","The Joy of Motion","2014","7","n","","",  ""
"3343084","","Radiohead","","","The King of Limbs","2011","7","n","","",  ""
"4538787","","Lorde","","","The Love Club","2013","7","n","","",  ""
"2425570","","Them Crooked Vultures","","","Them Crooked Vultures","2009","7","n","","",  ""
"5895697","","Enter Shikari","","","The Mindsweep","2015","8","n","","",  ""
"3892102","","Death Grips","","","The Money Store","2012","7","n","","",  ""
"2647450","","Titus Andronicus","","","The Monitor","2010","9","n","","",  ""
"2634","","Modest Mouse","","","The Moon &amp; Antarctica","2000","9","n","","",  ""
"9078","","Built to Spill","","","The Normal Years","1996","7","n","","",  ""
"2170118","","Death Cab for Cutie","","","The Open Door EP","2009","7","n","","",  ""
"1891633","","The Pains of Being Pure at Heart","","","The Pains of Being Pure at Heart","2009","6","n","","",  ""
"5572465","","Death From Above 1979","","","The Physical World","2014","8","n","","",  ""
"414472","","Tenacious D","","","The Pick of Destiny","2006","6","n","","",  ""
"641173","","Stolen Babies","","","There Be Squabbles Ahead","2006","7","n","","",  ""
"6778700","","Arcade Fire","","","The Reflektor Tapes","2015","7","n","","",  ""
"3512692","","Beirut","","","The Rip Tide","2011","7","n","","",  ""
"353330","","Deerhoof","","","The Runners Four","2005","7","n","","",  ""
"1232965","","Elbow","","","The Seldom Seen Kid","2008","7","n","","",  ""
"1533780","","Nine Inch Nails","","","The Slip","2008","7","n","","",  ""
"3773896","","Tindersticks","","","The Something Rain","2012","7","n","","",  ""
"2385343","","Zola Jesus","","","The Spoils","2009","6","n","","",  ""
"2934347","","Arcade Fire","","","The Suburbs","2010","9","n","","",  ""
"18057","","Andrew Bird's Bowl of Fire","","","The Swimming Hour","2001","9","n","","",  ""
"31074","","Peaches","","","The Teaches of Peaches","2000","6","n","","",  ""
"6661449","","Beach Slang","","","The Things We Do to Find People Who Feel Like Us","2015","6","n","","",  ""
"4322386","","Have a Nice Life","","","The Unnatural World","2014","7","n","","",  ""
"27782","","The Used","","","The Used","2002","6","n","","",  ""
"5878522","","Marmozets","","","The Weird and Wonderful","2014","6","n","","",  ""
"4324576","","SOHN","","","The Wheel","2012","8","n","","",  ""
"17643","","Codeine","","","The White Birch","1994","7","n","","",  ""
"6315720","","Bang Gang","","","The Wolves Are Whispering","2015","7","n","","",  ""
"2829672","","LCD Soundsystem","","","This Is Happening","2010","8","n","","",  ""
"26778","","Andrew Bird's Bowl of Fire","","","Thrills","1998","7","n","","",  ""
"172648","","The Go! Team","","","Thunder, Lightning, Strike","2004","7","n","","",  ""
"66","","Belle and Sebastian","","","Tigermilk","1996","7","n","","",  ""
"2724243","","Panda Bear","","","Tomboy","2011","7","n","","",  ""
"1251382","","Franz Ferdinand","","","Tonight: Franz Ferdinand","2009","7","n","","",  ""
"6286502","","Kendrick Lamar","","","To Pimp a Butterfly","2015","7","n","","",  ""
"4018000","","How to Dress Well","","","Total Loss","2012","8","n","","",  ""
"68466","","Death Cab for Cutie","","","Transatlanticism","2003","7","n","","",  ""
"2736437","","Gogol Bordello","","","Trans-Continental Hustle","2010","6","n","","",  ""
"4024598","","Against Me!","","","Transgender Dysphoria Blues","2014","8","n","","",  ""
"911701","","Thurston Moore","","","Trees Outside the Academy","2007","7","n","","",  ""
"17997","","Interpol","","","Turn On the Bright Lights","2002","9","n","","",  ""
"2320904","","Wild Beasts","","","Two Dancers","2009","8","n","","",  ""
"2012448","","Bat for Lashes","","","Two Suns","2009","7","n","","",  ""
"5744152","","Kairon; IRSE!","","","Ujubasajuba","2014","7","n","","",  ""
"9077","","Built to Spill","","","Ultimate Alternative Wavers","1993","7","n","","",  ""
"5053004","","Lana Del Rey","","","Ultraviolence","2014","8","n","","",  ""
"3209692","","Toro y Moi","","","Underneath the Pine","2011","7","n","","",  ""
"3625417","","Unison","","","Unison","2011","7","n","","",  ""
"3015893","","Zola Jesus","","","Valusia","2010","7","n","","",  ""
"2351","","Primal Scream","","","Vanishing Point","1997","8","n","","",  ""
"4584","","At the Drive-In","","","Vaya","1999","8","n","","",  ""
"6677973","","Neon Indian","","","VEGA INTL. Night School","2015","7","n","","",  ""
"3513144","","Kasabian","","","Velociraptor!","2011","6","n","","",  ""
"6013577","","Kite","","","VI","2015","7","n","","",  ""
"4551964","","New Years Day","","","Victim to Villain","2013","6","n","","",  ""
"923022","","Violent Femmes","","","Violent Femmes","1983","9","n","","",  ""
"3904040","","Circa Survive","","","Violent Waves","2012","7","n","","",  ""
"3699490","","Grimes","","","Visions","2012","7","n","","",  ""
"5065660","","Phantogram","","","Voices","2014","7","n","","",  ""
"4952012","","Warpaint","","","Warpaint","2014","8","n","","",  ""
"1572925","","Anathema","","","We're Here Because We're Here","2010","8","n","","",  ""
"3223993","","Gil Scott-Heron &amp; Jamie xx","","","We're New Here","2011","8","n","","",  ""
"2099065","","MGMT","","","We (Don't) Care","2004","6","n","","",  ""
"4490","","Death Cab for Cutie","","","We Have the Facts and We're Voting Yes","2000","8","n","","",  ""
"1443521","","The Ting Tings","","","We Started Nothing","2008","4","n","","",  ""
"642576","","Modest Mouse","","","We Were Dead Before the Ship Even Sank","2007","8","n","","",  ""
"432152","","Arctic Monkeys","","","Whatever People Say I Am, That's What I'm Not","2006","7","n","","",  ""
"441465","","Arctic Monkeys","","","When the Sun Goes Down","2006","7","n","","",  ""
"2687","","The White Stripes","","","White Blood Cells","2001","7","n","","",  ""
"546375","","Arctic Monkeys","","","Who the Fuck Are Arctic Monkeys?","2006","7","n","","",  ""
"3622342","","La Dispute","","","Wildlife","2011","8","n","","",  ""
"15079","","Sparta","","","Wiretap Scars","2002","7","n","","",  ""
"4716761","","Oh Land","","","Wish Bone","2013","6","n","","",  ""
"3441219","","Washed Out","","","Within and Without","2011","7","n","","",  ""
"102690","","Nine Inch Nails","","","With Teeth","2005","7","n","","",  ""
"2032185","","Phoenix","","","Wolfgang Amadeus Phoenix","2009","7","n","","",  ""
"422906","","Wolfmother","","","Wolfmother","2005","7","n","","",  ""
"4276651","","Rhye","","","Woman","2013","8","n","","",  ""
"46246","","Lightning Bolt","","","Wonderful Rainbow","2003","7","n","","",  ""
"3093588","","Listener","","","Wooden Heart","2010","7","n","","",  ""
"3208222","","Lykke Li","","","Wounded Rhymes","2011","7","n","","",  ""
"186978","","Elvenking","","","Wyrd","2004","7","n","","",  ""
"1312","","Elliott Smith","","","XO","1998","7","n","","",  ""
"2353","","PRMLSCRM","","","XTRMNTR","2000","8","n","","",  ""
"3939043","","XXYYXX","","","XXYYXX","2012","7","n","","",  ""
"760002","","Nine Inch Nails","","","Year Zero","2007","8","n","","",  ""
"5066963","","Modern Baseball","","","You're Gonna Miss It All","2014","7","n","","",  ""
"350098","","Franz Ferdinand","","","You Could Have It So Much Better","2005","8","n","","",  ""
"42034","","Broken Social Scene","","","You Forgot It in People","2002","10","n","","",  ""
"636623","","Joanna Newsom","","","Ys","2006","8","n","","",  ""
"3227438","","Yuck","","","Yuck","2011","8","n","","",  ""
"19918","The","Music","","","The Music","2002","7","n","","",  ""
"1263021","","Mystery Jets","","","Twenty One","2008","5","n","","",  ""
"1463907","","Nana Grizol","","","Love It Love It","2008","7","n","","",  ""
"256492","The","National","","","Alligator","2005","8","n","","",  ""
"94805","The","National","","","Sad Songs for Dirty Lovers","2003","8","n","","",  ""
"94806","The","National","","","The National","2001","7","n","","",  ""
"2259123","The","National","","","The Virginia EP","2008","7","n","","",  ""
"4477710","The","National","","","Trouble Will Find Me","2013","8","n","","",  ""
"313905","The","New Pornographers","","","Twin Cinema","2005","7","n","","",  ""
"140503","Joanna","Newsom","","","The Milk-Eyed Mender","2004","8","n","","",  ""
"480487","","of Montreal","","","Hissing Fauna, Are You the Destroyer?","2007","8","n","","",  ""
"2529163","","Oioai","","","Oioai","2006","6","n","","",  ""
"229104","","Okkervil River","","","Black Sheep Boy","2005","7","n","","",  ""
"2830115","","Orelha Negra","","","Orelha Negra","2010","8","n","","",  ""
"72047","","Ornatos Violeta","","","O Monstro precisa de amigos","1999","7","n","","",  ""
"2066469","","Other Lives","","","Other Lives","2009","7","n","","",  ""
"4570221","","Our Sunday Affairs","","","A 16 Song Step​-​Guide On How To Lose What Made You Glow and Disappoint Everyone You Have Ever Loved","2013","7","n","","",  ""
"734581","Owen","Pallett","","","Heartland","2010","7","n","","",  ""
"4330114","Owen","Pallett","","","In Conflict","2014","7","n","","",  ""
"495390","The","Paper Chase","","","Now You Are One of Us","2006","7","n","","",  ""
"4072843","","Parquet Courts","","","Light Up Gold","2012","7","n","","",  ""
"3247108","Jai","Paul","","","BTSTU","2010","6","n","","",  ""
"3004715","","PAUS","","","É uma água","2010","8","n","","",  ""
"2650","","Pavement","","","Brighten the Corners","1997","8","n","","",  ""
"132","","Pavement","","","Slanted and Enchanted","1992","9","n","","",  ""
"3282109","Josh T.","Pearson","","","Last of the Country Gentlemen","2011","7","n","","",  ""
"4720279","","Perfect Pussy","","","I Have Lost All Desire for Feeling","2013","7","n","","",  ""
"3771074","","Perfume Genius","","","Put Your Back N 2 It","2012","7","n","","",  ""
"2262265","The","Phenomenal Handclap Band","","","The Phenomenal Handclap Band","2009","6","n","","",  ""
"142982","","Phoenix","","","Alphabetical","2004","6","n","","",  ""
"516119","","Phoenix","","","It's Never Been Like That","2006","6","n","","",  ""
"843037","The","Pigeon Detectives","","","Wait for Me","2007","4","n","","",  ""
"112820","The","Pillows","","","Happy Bivouac","1999","7","n","","",  ""
"2004565","","Place Vendome","","","Streets of Fire","2009","5","n","","",  ""
"319458","","Pluto","","","Bom dia","2004","7","n","","",  ""
"3806924","","Poliça","","","Give You the Ghost","2012","8","n","","",  ""
"4601920","","Poliça","","","Shulamith","2013","7","n","","",  ""
"6910145","","Poliça","","","United Crushers","2016","7","n","","",  ""
"1810961","Os","Pontos Negros","","","Magnífico material inútil","2008","4","n","","",  ""
"3619775","","Porcelain Raft","","","Fountain's Head","2011","6","n","","",  ""
"2929033","","Porcelain Raft","","","Gone Blind","2010","6","n","","",  ""
"3723706","","Porcelain Raft","","","Strange Weekend","2012","6","n","","",  ""
"3455898","","Portugal. The Man","","","In the Mountain in the Cloud","2011","7","n","","",  ""
"42636","The","Postal Service","","","Give Up","2003","8","n","","",  ""
"2261243","The","Pragmatic","","","Circles","2009","6","n","","",  ""
"3170961","Nuno","Prata","","","Deve Haver","2010","4","n","","",  ""
"5912785","","Preoccupations","","","Viet Cong","2015","7","n","","",  ""
"16292","","Propagandhi","","","Today's Empires, Tomorrow's Ashes","2001","7","n","","",  ""
"964480","","Protest the Hero","","","Fortress","2008","8","n","","",  ""
"7308198","","Protest the Hero","","","Pacific Myth","2016","6","n","","",  ""
"3293988","","Protest the Hero","","","Scurrilous","2011","8","n","","",  ""
"4743541","","Protest the Hero","","","Volition","2013","8","n","","",  ""
"5495819","","Pulled Apart by Horses","","","Blood","2014","6","n","","",  ""
"2959170","","Pulled Apart by Horses","","","Pulled Apart by Horses","2010","7","n","","",  ""
"3765441","","Pulled Apart by Horses","","","Tough Love","2012","7","n","","",  ""
"338868","The","Raconteurs","","","Broken Boy Soldiers","2006","7","n","","",  ""
"777637","","Radio Moscow","","","Radio Moscow","2007","7","n","","",  ""
"3353493","","Red Hot Chili Peppers","","","I'm With You","2011","6","n","","",  ""
"14630","","Refused","","","The Shape of Punk to Come","1998","7","n","","",  ""
"3580093","","Revival Hymns","","","Feathers","2011","7","n","","",  ""
"18395","Damien","Rice","","","O","2003","7","n","","",  ""
"5602166","","Royal Blood","","","Royal Blood","2014","7","n","","",  ""
"3392","","Rush","","","Moving Pictures","1981","8","n","","",  ""
"610780","","Rx Bandits","","","...And the Battle Begun","2006","7","n","","",  ""
"3391197","","Saade","","","You Are Coming Home","2010","7","n","","",  ""
"3706469","","Sabrepulse","","","First Crush","2011","6","n","","",  ""
"5391326","","Saor","","","Aura","2014","7","n","","",  ""
"4474950","","Savages","","","Silence Yourself","2013","8","n","","",  ""
"3465820","","SBTRKT","","","SBTRKT","2011","7","n","","",  ""
"3541699","","S.C.U.M","","","Again Into Eyes","2011","6","n","","",  ""
"3834879","","Sigur Rós","","","Valtari","2012","6","n","","",  ""
"821231","","Simian Mobile Disco","","","Attack Decay Sustain Release","2007","7","n","","",  ""
"699354","","Sinergy","","","Suicide by My Side","2002","3","n","","",  ""
"922650","","Sixx:A.M.","","","The Heroin Diaries Soundtrack","2007","7","n","","",  ""
"204491","","Sleater-Kinney","","","The Woods","2005","7","n","","",  ""
"4796283","","Sleigh Bells","","","Bitter Rivals","2013","7","n","","",  ""
"3766679","","Sleigh Bells","","","Reign of Terror","2012","6","n","","",  ""
"2805026","","Sleigh Bells","","","Treats","2010","7","n","","",  ""
"5825004","","Slow Magic","","","How to Run Away","2014","7","n","","",  ""
"3746693","The","Smith Street Band","","","No One Gets Lost Anymore","2011","7","n","","",  ""
"4073905","The","Smith Street Band","","","Sunshine &amp; Technology","2012","8","n","","",  ""
"5804688","The","Smith Street Band","","","Throw Me in the River","2014","8","n","","",  ""
"5245667","","SOHN","","","Tremors","2014","7","n","","",  ""
"395021","","Soulwax","","","Nite Versions","2005","6","n","","",  ""
"17256","The","Sound","","","Jeopardy","1980","7","n","","",  ""
"4553173","","Speedy Ortiz","","","Major Arcana","2013","7","n","","",  ""
"5069595","","Speedy Ortiz","","","Real Hair","2014","8","n","","",  ""
"6136253","Sufjan","Stevens","","","Carrie &amp; Lowell","2015","7","n","","",  ""
"3322953","Laura","Stevenson","","","Sit Resist","2011","6","n","","",  ""
"90476","","Streetlight Manifesto","","","Everything Goes Numb","2003","9","n","","",  ""
"3303881","The","Strokes","","","Angles","2011","6","n","","",  ""
"81178","The","Strokes","","","Room on Fire","2003","7","n","","",  ""
"5347485","","Subaeris","","","ｎｅｗ ｔｏｋｙｏ ｂｌｕｅ ｍｏｏｄ 東京","2014","7","n","","",  ""
"1418689","The","Subways","","","All or Nothing","2008","6","n","","",  ""
"2484695","","Surfer Blood","","","Astro Coast","2010","7","n","","",  ""
"5376140","","Sylvan Esso","","","Sylvan Esso","2014","6","n","","",  ""
"6874983","","Teeth of the Sea","","","Highly Deadly Black Tarantula","2015","7","n","","",  ""
"838324","","Tegan and Sara","","","The Con","2007","8","n","","",  ""
"1028162","","These New Puritans","","","Beat Pyramid","2008","8","n","","",  ""
"2567375","","These New Puritans","","","Hidden","2010","8","n","","",  ""
"4070136","","Throes + The Shine","","","Rockuduro","2012","6","n","","",  ""
"14294","Yann","Tiersen","","","Le phare","1998","7","n","","",  ""
"3562318","","Toro y Moi","","","Freaking Out","2011","7","n","","",  ""
"5298211","","Tune-Yards","","","Nikki Nack","2014","7","n","","",  ""
"3357951","Frank","Turner","","","England Keep My Bones","2011","7","n","","",  ""
"1695540","","TV on the Radio","","","Dear Science","2008","8","n","","",  ""
"521826","","TV on the Radio","","","Return to Cookie Mountain","2006","8","n","","",  ""
"5737499","The","Twilight Sad","","","Nobody Wants to Be Here and Nobody Wants to Leave","2014","7","n","","",  ""
"4209176","","Unknown Mortal Orchestra","","","II","2013","7","n","","",  ""
"3279181","The","Vaccines","","","What Did You Expect From The Vaccines?","2011","6","n","","",  ""
"1134702","","Vampire Weekend","","","Vampire Weekend","2008","7","n","","",  ""
"538","The","Verve","","","Urban Hymns","1997","7","n","","",  ""
"1393358","The","Vicious Five","","","Sounds Like Trouble","2008","5","n","","",  ""
"2388087","","Virgem Suta","","","Virgem Suta","2009","6","n","","",  ""
"2965915","The","Walkmen","","","Lisbon","2010","9","n","","",  ""
"1603874","The","Walkmen","","","You &amp; Me","2008","9","n","","",  ""
"6301472","","Warpaint","","","No Way Out / I'll Start Believing","2015","7","n","","",  ""
"2462073","","Washed Out","","","Life of Leisure","2009","7","n","","",  ""
"4328057","","Wavves","","","Afraid of Heights","2013","7","n","","",  ""
"2895826","","Wavves","","","King of the Beach","2010","7","n","","",  ""
"3610153","","Wavves","","","Life Sux","2011","6","n","","",  ""
"1831581","","Wavves","","","Wavves","2008","7","n","","",  ""
"1857851","","Wavves","","","Wavvves","2009","8","n","","",  ""
"6136309","","Waxahatchee","","","Ivy Tripp","2015","7","n","","",  ""
"397541","","We Are Scientists","","","With Love and Squalor","2005","6","n","","",  ""
"3484586","The","Weeknd","","","Echoes of Silence","2011","8","n","","",  ""
"3395522","The","Weeknd","","","House of Balloons","2011","8","n","","",  ""
"3484584","The","Weeknd","","","Thursday","2011","8","n","","",  ""
"179","","Weezer","","","Weezer [Blue Album]","1994","7","n","","",  ""
"1884813","","White Lies","","","To Lose My Life","2009","6","n","","",  ""
"2993508","","White Lung","","","It's the Evil","2010","7","n","","",  ""
"1559409","","Wild Beasts","","","Limbo, Panto","2008","7","n","","",  ""
"10503","Andrew","W.K.","","","I Get Wet","2001","5","n","","",  ""
"338737","","Wolf Parade","","","Apologies to the Queen Mary","2005","8","n","","",  ""
"1331510","","Wolf Parade","","","At Mount Zoomer","2008","8","n","","",  ""
"3808807","","Woodkid","","","The Golden Age","2013","6","n","","",  ""
"572801","","X-Wife","","","Side Effects","2006","6","n","","",  ""
"2431351","The","xx","","","xx","2009","8","n","","",  ""
"990541","","Yeasayer","","","All Hour Cymbals","2007","7","n","","",  ""
"575858","","Yo La Tengo","","","I Am Not Afraid of You and I Will Beat Your Ass","2006","9","n","","",  ""
"300","","Yo La Tengo","","","I Can Hear the Heart Beating as One","1997","10","n","","",  ""
"2334829","","Yo La Tengo","","","Popular Songs","2009","8","n","","",  ""
"3488004","","You Can't Win, Charlie Brown","","","Chromatic","2011","6","n","","",  ""
"2838343","","Young Heretics","","","We Are the Lost Loves","2010","6","n","","",  ""
"6607487","","Youth Lagoon","","","Savage Hills Ballroom","2015","7","n","","",  ""
"3464634","","Youth Lagoon","","","The Year of Hibernation","2011","8","n","","",  ""
"4350910","","Youth Lagoon","","","Wondrous Bughouse","2013","7","n","","",  ""
"2007154","","Zola Jesus","","","Tsar Bomba","2009","7","n","","",  ""
"877742","","凛として時雨","","Ling Tosite Sigure","#4","2005","8","n","","",  ""
"6613656","","凛として時雨","","Ling Tosite Sigure","es or s","2015","7","n","","",  ""
"4384682","","凛として時雨","","Ling Tosite Sigure","i'mperfect","2013","7","n","","",  ""
"1203336","","凛として時雨","","Ling Tosite Sigure","Inspiration Is Dead","2007","8","n","","",  ""
"2148396","","凛として時雨","","Ling Tosite Sigure","just A moment","2009","8","n","","",  ""
